,acc,std
linear,0.7533996670611594,0.011624925542583474
poly,0.7014327622338875,0.01685180861112388
rbf,0.7546327448425901,0.008874756870897742
sigmoid,0.729632442534497,0.011796203963231937
