,acc,std
0.0078125,0.5180006000600061,0.004901184338643912
0.03125,0.5180006000600061,0.004901184338643912
0.125,0.7338186818681869,0.1021455966955386
0.25,0.8128826882688269,0.07538374425506134
0.5,0.8569242924292428,0.05661247918498332
4.0,0.869994799479948,0.056592443869774606
8.0,0.8629842984298431,0.06405617097498152
32.0,0.8479840984098409,0.03687743703015338
128.0,0.8349735973597359,0.05557666809264113
512.0,0.8179331933193319,0.09544910638574175
