,train_acc,test_acc
2,0.9175,0.845
3,0.93875,0.85
4,0.97,0.855
5,0.98375,0.86
6,0.99125,0.865
7,0.99375,0.87
8,0.99625,0.855
9,0.99625,0.865
10,0.9975,0.865
11,0.99625,0.855
12,0.99625,0.86
13,0.9975,0.865
14,0.9975,0.855
15,0.9975,0.855
16,0.9975,0.855
17,0.9975,0.855
18,0.9975,0.855
19,0.9975,0.855
