,train_acc,test_acc
10,0.8325,0.795
141,0.9575,0.86
272,0.97875,0.86
403,0.98375,0.865
534,0.99125,0.865
665,0.99375,0.87
796,0.9975,0.87
927,0.9975,0.87
1058,0.99875,0.87
1189,0.99875,0.865
1320,0.99875,0.865
1451,0.99875,0.865
1582,0.99875,0.865
1713,1.0,0.865
1844,1.0,0.865
1975,1.0,0.865
2106,1.0,0.865
2237,1.0,0.865
2368,1.0,0.865
2500,1.0,0.865
