,acc,std
linear,0.901016201620162,0.05617661325478101
poly,0.8278634863486347,0.08146109616570721
rbf,0.8668747874787479,0.05834574171465296
sigmoid,0.8460637063706372,0.051446438744625865
