,acc,std
identity,0.7488662220535764,0.009100930203839891
logistic,0.769099835532134,0.015129178712204849
tanh,0.753166867083515,0.014120675465153582
relu,0.7653000015503892,0.009062063261784225
