,acc,std
identity,0.8859250925092509,0.06144258440433431
logistic,0.5180006000600061,0.004901184338643912
tanh,0.8493516351635163,0.23274765258941385
relu,0.8060231023102309,0.12237954535402014
