,acc,std
linear,0.901016201620162,0.06095745956630114
poly,0.8398735873587357,0.08864420674054105
rbf,0.865904890489049,0.05889517019899126
sigmoid,0.820052805280528,0.06389144814173454
