,train_gini,test_gini,train_entropy,test_entropy
2,0.72375,0.685,0.68625,0.65
3,0.82,0.8,0.78625,0.775
5,0.87875,0.8,0.855,0.795
6,0.925,0.82,0.8975,0.805
8,0.96625,0.83,0.945,0.82
9,0.98375,0.805,0.95875,0.805
11,0.995,0.81,0.9875,0.815
12,0.99875,0.805,0.99375,0.81
14,1.0,0.81,0.9975,0.825
15,1.0,0.81,0.9975,0.815
17,1.0,0.81,1.0,0.81
18,1.0,0.81,1.0,0.81
20,1.0,0.81,1.0,0.81
21,1.0,0.81,1.0,0.81
23,1.0,0.81,1.0,0.81
24,1.0,0.81,1.0,0.81
26,1.0,0.81,1.0,0.81
28,1.0,0.81,1.0,0.81
